loan_status,Total_Loans,Total_Funded_Amount,Total_Amount_Received,Avg_Interest_Rate,Avg_DTI
"Charged Off",5333,65532225.0,37284763.0,13.8785749109319,14.0047327957997
Current,1098,18866500.0,24199914.0,15.0993260473588,14.7243442622951
"Fully Paid",32145,351358350.0,411586256.0,11.6410707730605,13.1673507543942
